FirstName,LastName,EmailAddress
MacKensie,Cook,ornare.egestas@tinciduntorciquis.net
Oleg,Snyder,diam.eu@orciPhasellus.ca
Silas,Franco,turpis@ante.ca
Ferris,Ingram,non.nisi.Aenean@pellentesqueeget.com
Yetta,Maldonado,feugiat@risusatfringilla.ca
Sybil,Rosario,tristique.pellentesque@Aliquam.net
Linda,Monroe,porttitor.tellus.non@feugiattelluslorem.net
Anne,Henson,odio.semper@interdumlibero.ca
Chaim,Wolfe,sem.consequat@Crasvulputatevelit.net
Aurora,Snider,dui@nonfeugiatnec.org
Ima,Bolton,ut.eros.non@convallis.org
Ivana,Lang,vitae.aliquam@estNunc.org
Lareina,Hebert,Nullam.velit.dui@mattisornarelectus.ca
Lacota,Williamson,ac.eleifend.vitae@lectuspedeultrices.com
Rajah,Smith,aliquam.enim@Proinsedturpis.co.uk
Nomlanga,Acosta,Aenean.gravida.nunc@ultriciesornareelit.edu
Tyler,Wong,cursus.et.magna@sagittis.net
Garrett,Marshall,volutpat.nunc@turpis.org
Bruce,Goff,eu.elit.Nulla@sed.ca
Andrew,York,dignissim.magna.a@diamvel.net
Akeem,Hodges,lacus@semper.com
Tanner,Kirkland,lacus@tortor.co.uk
Molly,Head,non.bibendum@sociis.com
Xena,Phillips,at.egestas@ac.com
Garth,Washington,et@Integer.edu
Karly,Willis,Ut.tincidunt@Etiam.org
Fleur,Schmidt,lorem.vehicula@orci.ca
Alma,Shields,non.egestas.a@tortorat.com
Melvin,Ferrell,malesuada.id.erat@blandit.org
Harrison,Cochran,mattis.Integer@elementumat.co.uk
Mona,Mckinney,vitae.posuere.at@vitae.co.uk
Gisela,Munoz,magna.Suspendisse.tristique@nunc.com
Genevieve,Dalton,odio.sagittis.semper@Crasinterdum.com
Magee,Marquez,quam.elementum.at@pedeSuspendisse.edu
Damian,Hamilton,sollicitudin.adipiscing@inaliquetlobortis.org
Meredith,Spears,arcu@auctor.com
McKenzie,Kirby,nunc@etmalesuada.co.uk
Shea,Flynn,lacus@aliquam.com
August,Huffman,eleifend.nunc@convallis.org
Abra,Beasley,mus@dolorQuisquetincidunt.ca
Jenna,Rutledge,elit.erat.vitae@Etiamvestibulum.co.uk
Bethany,Pacheco,arcu.Morbi.sit@augueSedmolestie.co.uk
Leah,Hill,montes.nascetur.ridiculus@laoreet.org
Ima,Harper,et@acarcuNunc.co.uk
Ina,Bridges,ac@nullaDonecnon.org
Shad,Collins,In.nec@Namconsequatdolor.org
Britanney,Livingston,sit@vehicularisusNulla.com
Nevada,Cox,accumsan@semper.edu
Mara,Holden,facilisis@ornare.co.uk
Dustin,Branch,justo.faucibus@necmollis.com
Orli,Benson,ipsum@nullaCras.edu
Neil,Wyatt,neque.Morbi.quis@sociisnatoque.edu
Gretchen,Hendrix,dis.parturient.montes@odioEtiamligula.co.uk
Adam,Bradley,venenatis.a@tristique.edu
Hiroko,Salas,urna.Vivamus.molestie@gravidanonsollicitudin.co.uk
Holly,Caldwell,ipsum@pulvinar.co.uk
Brenda,Weber,netus.et.malesuada@justosit.com
William,Hebert,eu.eros@acturpisegestas.co.uk
Shay,Leblanc,pede.Praesent.eu@nisinibh.co.uk
Guinevere,Rush,Nulla.dignissim.Maecenas@Maecenasliberoest.co.uk
Madaline,Shepard,sem.Pellentesque.ut@sitametdapibus.org
Addison,Campbell,nec.urna@neque.org
Macon,May,ac.ipsum.Phasellus@tortordictum.net
Kadeem,Hoover,non@semut.org
Leah,Fletcher,felis@sapienNunc.com
Candice,Ford,sed.dolor@Nulla.org
Nolan,Dejesus,dui@atauctorullamcorper.com
Ignatius,Oconnor,nulla.In@esttemporbibendum.com
Deborah,Freeman,venenatis@Nullamenim.com
Thor,Mckenzie,amet.diam.eu@neque.co.uk
Rana,Burns,elementum.purus.accumsan@libero.ca
Samuel,Anderson,luctus.ipsum@dis.co.uk
Lenore,Holmes,nunc@sodales.org
Daria,Gay,scelerisque.dui.Suspendisse@condimentumDonecat.org
Carissa,Blackburn,interdum.Curabitur.dictum@lorem.net
Hope,Mayer,ultricies@nasceturridiculusmus.org
Charissa,Sawyer,nonummy.ac@egestaslaciniaSed.ca
Vanna,Henderson,lacinia@risus.com
Dennis,Glass,ac.arcu.Nunc@magnaPhasellusdolor.co.uk
Madison,Blair,Sed.et@dolor.co.uk
Deirdre,Tanner,interdum.Nunc.sollicitudin@Fuscefermentumfermentum.edu
Ocean,Hale,adipiscing@atauctorullamcorper.com
Shay,Walsh,neque.tellus@eratvelpede.ca
Russell,Hutchinson,Quisque@eudoloregestas.ca
Lillian,Conley,molestie.dapibus.ligula@cursus.com
Geoffrey,Stein,nibh.Phasellus.nulla@Quisquetinciduntpede.org
Piper,Mullen,metus.facilisis@senectusetnetus.ca
Bevis,Carlson,Sed.id@Sednecmetus.edu
Basia,Rodriguez,aliquet.sem.ut@velmaurisInteger.org
Ethan,Lloyd,interdum@vitaedolor.co.uk
Melanie,Workman,condimentum.eget.volutpat@purusaccumsan.net
Althea,Irwin,Curabitur@tempuseuligula.org
Gretchen,Rollins,accumsan.laoreet@lectusante.com
Francesca,Whitehead,est.mauris.rhoncus@sitametmetus.co.uk
Alea,Erickson,amet.consectetuer.adipiscing@molestietellus.com
Zoe,Wilcox,nunc.risus@accumsansed.com
Kylan,Waller,erat.eget.ipsum@est.net
Bell,Huffman,molestie@at.net
Fletcher,Hardy,in.tempus.eu@quamelementumat.com
Basia,Velez,neque@Pellentesque.com