Ray|Vivamus.sit.amet@cursus.org|Carr
Neve|nec.imperdiet.nec@Morbi.co.uk|Meyer
Madaline|vel.arcu.Curabitur@Duis.co.uk|Hinton
Jana|elit@eget.org|Frazier
Forrest|semper@anteNuncmauris.edu|Buckner
Nash|lectus@ornare.co.uk|Vincent
Kermit|tincidunt@rutrumFusce.ca|Shaw
Talon|eu@Maurisnon.org|Clements
Gage|nec@ante.com|Mcknight
Hayden|sollicitudin.a.malesuada@euarcuMorbi.com|Harrell
Alisa|risus.varius.orci@velitCras.edu|Terry
Ulla|Fusce.mollis.Duis@dolorelit.edu|Brady
Sierra|magna.Suspendisse@cursus.edu|Peterson
Ashely|turpis.non@purus.edu|Parsons
Abel|vel.venenatis.vel@tempor.edu|Puckett
Chanda|lectus.justo@nonnisiAenean.co.uk|Brock
Quynn|vitae.orci.Phasellus@Nuncac.ca|Dorsey
Thor|vehicula@NullafacilisiSed.org|Kelly
Rachel|tempor.lorem@pede.org|Pierce
April|nunc.interdum.feugiat@nascetur.net|Oneal
Sybill|nunc.est@Uttincidunt.net|Cabrera
Daria|Proin@sempertellusid.org|Cantrell
Keaton|pellentesque@aliquet.co.uk|Gonzales
Plato|Praesent@rhoncusProin.net|Kane
Amy|ultrices@volutpat.ca|Cochran
Theodore|eu@acrisus.net|Britt
Keefe|Curabitur.ut.odio@enimmi.co.uk|Simon
Ayanna|vel.turpis.Aliquam@lorem.org|Barrett
Maggie|enim@maurisa.co.uk|Merritt
Lyle|dignissim@blanditcongue.org|Carroll
Zoe|velit@metusVivamus.org|Contreras
Deanna|vitae@necmollisvitae.com|Lane
Vivien|eu@magnisdisparturient.ca|Mclean
Shannon|ut@iaculisenim.ca|Garza
Kelsie|massa@Morbisit.com|Merritt
Silas|non@in.com|Case
Cassandra|tortor.nibh@euturpisNulla.co.uk|Hinton
Leonard|Quisque.imperdiet@a.net|Cain
Bert|interdum.feugiat.Sed@suscipitest.org|Mclaughlin
Kerry|Donec.luctus.aliquet@vitaeeratvel.org|Thornton
Regina|In.at@odio.com|Hester
Luke|interdum@mi.co.uk|Hester
Peter|vitae.sodales.at@non.co.uk|Monroe
Porter|eleifend.Cras.sed@Sedeu.co.uk|Burris
Melodie|quis@gravidaPraesent.net|Acosta
Ann|rutrum.urna.nec@enimEtiam.ca|Owens
Ivan|tempor.diam@Morbinonsapien.com|Andrews
Remedios|ut.nisi@dui.ca|Randall
Ray|at.pede.Cras@nonquamPellentesque.com|Guerra
Rhoda|interdum.Curabitur.dictum@Quisquepurus.org|Bass
Byron|fermentum@egetvolutpatornare.net|Rhodes
Ursula|Aenean.eget@ipsumPhasellus.edu|Lowery
Cole|dignissim@ProinultricesDuis.net|Calderon
Lance|Donec.nibh@Namconsequat.ca|Jenkins
Allistair|massa.Vestibulum@Loremipsumdolor.edu|Huffman
Ferdinand|justo.nec@aliquetlobortisnisi.edu|Thompson
Tad|Quisque.tincidunt@etultricesposuere.com|Byers
Rebecca|vel.pede.blandit@bibendum.net|Joyce
Evan|arcu@erategettincidunt.edu|Molina
John|odio@quisdiamluctus.org|Bates
Callum|parturient@penatibusetmagnis.com|Sloan
Ralph|diam.eu@Donecluctusaliquet.com|Dyer
Lila|ipsum.ac.mi@commodo.com|Riley
Neve|lorem@massa.edu|Riggs
Hermione|hendrerit.id.ante@purusin.com|Rivera
Burton|est@ametdiameu.com|Riley
Harding|fermentum.metus.Aenean@atarcuVestibulum.edu|Taylor
Alexa|turpis@sollicitudin.ca|Mack
Ira|ornare.libero@malesuadafamesac.edu|Orr
Kai|vel.arcu.eu@mollisDuis.ca|Richard
Daquan|et.nunc.Quisque@convallis.edu|Aguilar
Kessie|egestas.nunc.sed@pulvinararcu.org|Holder
Kellie|ante.iaculis.nec@lobortis.co.uk|Lamb
James|Nulla.interdum.Curabitur@ipsumprimis.net|Hyde
Phyllis|tellus@Nam.org|Kim
Beau|sapien.cursus.in@commodo.co.uk|Robles
Carol|luctus@loremvitaeodio.net|Cash
Richard|ante.dictum@eulacus.edu|Nieves
Kasper|Curabitur@pedeCumsociis.edu|Downs
Jessamine|Aenean.eget.metus@necurnasuscipit.com|Higgins
Erica|erat.neque@ipsumsodales.co.uk|Mccray
Fallon|auctor@orciUtsagittis.com|Dixon
Octavius|aliquam@luctuset.edu|Frederick
Farrah|vitae.erat@facilisiseget.co.uk|Mclaughlin
Gloria|Aliquam.rutrum.lorem@Donecnibh.edu|Barker
Quintessa|dapibus.ligula.Aliquam@massanon.net|Ruiz
Sophia|pellentesque.Sed@Aliquamerat.com|Velez
Joelle|dapibus@nuncsed.net|Townsend
Sigourney|ipsum.porta.elit@lectus.com|Duffy
Risa|Proin.dolor@congueelitsed.co.uk|Sullivan
Emerald|ac.urna@Sed.org|Scott
Jolene|sociosqu.ad@lacus.org|Schneider
Imogene|molestie@vellectusCum.edu|Williams
Chava|libero@loremeget.ca|Castillo
Bert|Mauris@maurissapiencursus.co.uk|Long
Eaton|enim.nec@sapiencursusin.net|May
David|Aenean@urna.edu|Hendricks
Beck|Fusce.dolor@dolor.net|Conley
Ariel|Integer@felispurusac.com|Alford
Arthur|egestas@orci.co.uk|Zamora