ornare.facilisis.eget@Curabiturutodio.net,Cairo,Horn
gravida.molestie.arcu@euligula.com,Lev,Gray
rutrum.justo@nec.com,Tatyana,Dunlap
magna@quamvel.edu,Damon,Calderon
est.ac.facilisis@Donectempor.org,Vivian,Rollins
eu.odio.tristique@Integer.edu,Simon,Mason
vehicula.et.rutrum@risusDuisa.com,Clarke,Espinoza
In.faucibus@sagittis.com,Ella,Bennett
auctor.nunc@placerat.co.uk,Jayme,Mullins
pellentesque@quis.edu,Marny,Byrd
nunc.In.at@liberoDonecconsectetuer.edu,Maxwell,Mendez
non.cursus@at.com,Adam,Coleman
arcu.imperdiet.ullamcorper@habitantmorbitristique.org,Palmer,Cohen
id.risus@quam.edu,Stacy,Matthews
vel.venenatis.vel@tristiquesenectuset.co.uk,Noelle,Brewer
imperdiet.dictum.magna@dolorelitpellentesque.org,Trevor,Mann
eros.non.enim@Aliquamultrices.ca,Madison,Henson
augue.id@laciniamattis.org,Coby,French
cubilia.Curae.Phasellus@nibh.org,Caesar,Hays
Suspendisse@nisi.com,Quinn,Shelton
lectus.convallis@varius.org,Darius,York
gravida.non.sollicitudin@accumsanneque.net,Dean,Chen
magna@elementum.ca,Dustin,Stevens
diam@Duisac.com,Adena,Reed
Donec.dignissim@luctus.ca,Troy,Rosario
orci@egestasligulaNullam.ca,Honorato,Griffin
lorem@iaculislacuspede.com,Giacomo,Tillman
consequat.enim.diam@lectusCum.net,Nadine,Maddox
Nulla.tempor@scelerisquescelerisquedui.co.uk,Herman,Solomon
tortor.dictum@venenatisvel.net,Carly,Beck
nisi@nonlorem.org,Claudia,Noel
eu.tempor@morbi.edu,Jescie,Ryan
vitae.mauris.sit@nisiAenean.net,Justin,Long
lacinia.orci@egestas.ca,Jamalia,Kirk
egestas.urna@facilisisnonbibendum.org,Kyle,Cruz
Sed@estNunc.org,Christopher,Rosales
libero.est@auctorvelitAliquam.org,Rooney,Rogers
purus@acturpisegestas.org,Abbot,Cross
mauris.Suspendisse.aliquet@feugiat.org,Allen,Keith
purus.Maecenas@diamDuis.com,Jacob,Dyer
magna.a@fringillapurus.org,Nyssa,Stokes
magnis.dis@etlibero.edu,Francesca,Barr
neque.et.nunc@Fusce.edu,Dawn,Martin
Curabitur@duiaugue.co.uk,Candice,Buckley
tellus@orciluctuset.ca,Gavin,Castillo
Sed.congue.elit@Etiambibendumfermentum.edu,Lydia,Holt
tellus.id.nunc@pharetranibh.co.uk,Belle,Middleton
facilisis@pellentesque.co.uk,Wesley,Stanley
eget.dictum.placerat@gravida.ca,Levi,Patterson
enim@Aliquamadipiscinglobortis.net,Fuller,Calderon
urna.Nullam.lobortis@Aenean.org,Keaton,Lindsey
pellentesque@fringillaest.org,September,Grant
ipsum@Aliquam.edu,Seth,Winters
Sed@dictumeu.com,Blossom,Herrera
massa@vitae.net,Myra,Harmon
Cras.eget.nisi@Proinsedturpis.org,Chase,Sims
pharetra.sed.hendrerit@Cras.org,Mark,Sims
urna@metusAenean.ca,Blythe,Mayo
malesuada.ut@nibh.com,Fatima,Brock
egestas@nequevitaesemper.edu,Howard,Barr
nec.imperdiet.nec@nequenonquam.co.uk,Jin,Chan
sem.eget@aliquetlibero.net,Nayda,Collier
tincidunt.neque@Curabiturvellectus.com,Samuel,Chavez
ullamcorper.Duis@diamSeddiam.com,Ronan,Mcbride
ultricies@pellentesquetellus.org,Erica,Sandoval
commodo@feugiatnecdiam.net,Thaddeus,Clay
tellus@IncondimentumDonec.co.uk,Cody,Gillespie
pede@egestasSed.co.uk,Aaron,Rocha
posuere@fringilla.org,Keelie,Gilliam
ante.ipsum@tinciduntnunc.com,Xandra,Mcclure
primis@lobortisquis.com,Whitney,Mcclure
consectetuer.adipiscing.elit@Aenean.net,Zeus,Hogan
sociis@eleifend.edu,Rama,Avila
ipsum@morbi.org,Lev,William
Aliquam.vulputate@viverraDonec.ca,Brennan,Livingston
luctus@enim.com,Fletcher,Bolton
dolor.vitae@aliquetliberoInteger.co.uk,Ariel,Ferrell
porttitor@tristiquepellentesque.ca,Erich,Kent
eu@tortordictum.co.uk,Brenna,Kent
est.Nunc@Nuncquis.edu,Patience,Lancaster
sit.amet@sodales.net,Macy,Beasley
elit@turpisvitae.edu,Aphrodite,Dorsey
Etiam.laoreet.libero@disparturientmontes.co.uk,Jayme,Oneal
ante@blanditmattis.edu,Catherine,Gates
eu.placerat@volutpat.co.uk,Vladimir,Wilkinson
lorem@SuspendissesagittisNullam.com,Shoshana,Moore
ligula.Nullam@Suspendissecommodotincidunt.edu,Jackson,Dillard
Curabitur@Integeraliquamadipiscing.ca,Amal,Obrien
turpis.vitae@nunc.edu,Dawn,Vinson
mus@netus.ca,Dominique,Padilla
tincidunt@apurusDuis.net,Orson,Sharpe
malesuada@nulla.org,Baxter,Benton
vitae.odio@diamDuismi.com,Cassandra,Mckay
lectus.pede@eteuismodet.com,Cally,Clark
laoreet@rutrumurna.edu,Colton,Middleton
euismod.mauris@risusIn.edu,Zorita,Jefferson
lectus.pede@Mauris.net,Evangeline,Lane
In.scelerisque@rhoncusid.com,Hayley,Hudson
mauris.Suspendisse.aliquet@magnaPhasellus.org,Latifah,Skinner
aliquet@lobortisrisus.edu,Abra,Weaver